Nome;NumeroRegistos;Género
Maria;5640;F
Santiago;2084;M
Matilde;1835;F
Leonor;1783;F
João;1773;M
Francisco;1687;M
Rodrigo;1553;M
Martim;1497;M
Afonso;1354;M
Tomás;1340;M
Miguel;1192;M
Duarte;1177;M
Carolina;1174;F
Beatriz;1154;F
Mariana;1152;F
Gabriel;1111;M
Lourenço;1110;M
Gonçalo;1085;M
Pedro;1072;M
Guilherme;1042;M
Ana;1010;F
Tiago;971;M
Sofia;958;F
Inês;939;F
Dinis;928;M
Margarida;912;F
Rafael;912;M
Francisca;898;F
Diogo;888;M
Lara;853;F
Lucas;834;M
Salvador;831;M
Gustavo;760;M
David;744;M
Vicente;711;M
Laura;707;F
Simão;681;M
José;679;M
Alice;661;F
Joana;625;F
Clara;597;F
Mateus;588;M
Diana;582;F
Madalena;567;F
Diego;553;M
Manuel;515;M
Henrique;514;M
António;513;M
Daniel;510;M
Mara;488;F
Luana;487;F
Benedita;482;F
Vasco;474;M
Constança;459;F
Mafalda;458;F
Bianca;449;F
Íris;431;F
Leonardo;420;M
Sara;415;F
Camila;409;F
Gabriela;406;F
Rita;405;F
Bernardo;405;M
André;397;M
Luís;382;M
Eva;375;F
Enzo;375;M
Carlota;367;F
Letícia;365;F
Eduardo;329;M
Vitória;323;F
Ema;301;F
Luísa;296;F
Catarina;286;F
Alexandre;273;M
Ariana;259;F
Isaac;259;M
Kevin;258;M
Yasmin;249;F
Yara;248;F
Rúben;224;M
Filipe;221;M
Matias;216;M
Leandro;208;M
Xavier;201;M
Carminho;193;F
Miriam;192;F
Ricardo;186;M
Marta;184;F
Alícia;183;F
Samuel;179;M
Rafaela;178;F
Luena;176;F
Victória;170;F
Núria;168;F
Kyara;163;F
Helena;163;F
Valentina;163;F
Júlia;162;F
Artur;162;M
Bárbara;156;F
Isabel;154;F
Nicole;153;F
Daniela;148;F
Lia;142;F
Bruna;142;F
Nuno;141;M
Melissa;140;F
Bruno;139;M
Noa;135;F
Jéssica;135;F
Carlos;135;M
Teresa;132;F
Iara;132;F
Raquel;129;F
Davi;122;M
Filipa;121;F
Sebastião;121;M
Hugo;119;M
Valentim;114;M
Rui;113;M
Frederico;103;M
Renato;102;M
Bryan;100;M
Mia;96;F
Érica;92;F
Luna;89;F
Isis;88;F
Jorge;87;M
Lorenzo;81;M
Caetana;78;F
Benjamim;77;M
Alexandra;75;F
Joaquim;75;M
Paulo;75;M
Mélanie;73;F
Pilar;73;F
Juliana;73;F
Marco;73;M
Noah;72;M
Kelly;71;F
Isabela;68;F
Adriana;68;F
Aurora;68;F
Mário;68;M
Débora;67;F
Soraia;66;F
Fábio;66;M
Eduarda;63;F
Jaime;63;M
Lorena;62;F
Áurea;62;F
Olívia;57;F
Manel;57;M
Amélia;56;F
Tomé;55;M
William;55;M
Cristiano;54;M
Ângelo;53;M
Micael;53;M
Gil;53;M
Emília;52;F
Ivo;52;M
Edgar;52;M
Raúl;51;M
Fernando;50;M
Naiara;49;F
Frederica;47;F
Brian;44;M
Ivan;44;M
Irina;43;F
César;42;M
Renata;40;F
Emanuel;40;M
Anita;39;F
Larissa;39;F
Gaspar;39;M
Luca;39;M
Petra;38;F
Emma;38;F
Sarah;37;F
Vera;37;F
Tatiana;37;F
Vítor;37;M
Romeu;37;M
Sandro;37;M
Dilan;37;M
Julieta;36;F
Nádia;36;F
Sérgio;36;M
Mayara;35;F
Salomé;35;F
Samira;35;F
Alex;35;M
Igor;35;M
Eric;35;M
Rebeca;34;F
Fabiana;34;F
Patrícia;33;F
Marcelo;33;M
Simone;32;F
Paloma;32;F
Aline;32;F
Liliana;32;F
Elias;32;M
Nair;31;F
Luz;31;F
Luciana;31;F
Andreia;31;F
Denis;31;M
Caio;31;M
Isabella;30;F
Dalila;30;F
Chloe;30;F
Ester;29;F
Isac;29;M
Ismael;29;M
Flor;28;F
Safira;28;F
Liam;28;M
Erika;27;F
Elisa;27;F
Anna;27;F
Lisandro;27;M
Jonathan;27;M
Moisés;27;M
Rosa;26;F
Mónica;26;F
Cláudia;26;F
Yuri;26;M
Muhammad;26;M
Josué;26;M
Cláudio;26;M
Lúcia;25;F
Abigail;25;F
Ângela;25;F
Mauro;25;M
Adrien;25;M
Rosarinho;24;F
Sophia;24;F
Carla;24;F
Alana;24;F
Danilo;24;M
Joel;24;M
Erik;24;M
Micaela;23;F
Bia;23;F
Álvaro;23;M
Nelson;23;M
Dário;23;M
Fátima;22;F
Maiara;22;F
Emily;22;F
Eliana;22;F
Carmo;22;F
Márcio;22;M
Martinho;22;M
Wesley;22;M
Matheus;22;M
Levi;22;M
Telmo;22;M
Dânia;21;F
Marisa;21;F
Erica;21;F
Marcos;21;M
Júlio;21;M
Wilson;21;M
Cíntia;20;F
Amália;20;F
Raissa;20;F
Viviane;20;F
Serena;20;F
Vanessa;20;F
Martin;20;M
Victor;20;M
Leonel;20;M
Clarisse;19;F
Denise;19;F
Carina;19;F
Violeta;19;F
Eliane;19;F
Rute;19;F
Arthur;19;M
Leo;19;M
Oliver;19;M
Flávia;18;F
Kiara;18;F
Iris;18;F
Liara;18;F
Abel;18;M
Thiago;18;M
Cristian;18;M
Benjamin;18;M
Susana;17;F
Cristina;17;F
Cecília;17;F
Giovana;17;F
Nayara;17;F
Márcia;17;F
Dylan;17;M
Misael;17;M
Edson;17;M
Ian;17;M
Oriana;16;F
Milena;16;F
Victoria;16;F
Lídia;16;F
Dara;16;F
Manuela;16;F
Cristiana;16;F
Fausto;16;M
Christian;16;M
Estrela;15;F
Elena;15;F
Lea;15;F
Liana;15;F
Ezequiel;15;M
Jonas;15;M
Andrei;15;M
Raul;15;M
Gerson;15;M
Angélica;14;F
Solange;14;F
Telma;14;F
Dayane;14;F
Sónia;14;F
Antónia;14;F
Verónica;14;F
Marina;14;F
Aléxia;14;F
Ariane;14;F
Giovani;14;M
Caetano;14;M
Matteo;14;M
Luan;14;M
Ryan;14;M
Isa;13;F
India;13;F
Paula;13;F
Simara;13;F
Liane;13;F
Ellen;13;F
Adam;13;M
Hélder;13;M
Lívia;12;F
Daria;12;F
Neuza;12;F
Lais;12;F
Tânia;12;F
Leila;12;F
Sandra;12;F
Priscila;12;F
Nicolau;12;M
Sebastian;12;M
Cauã;12;M
Patrick;12;M
Estêvão;12;M
Flávio;12;M
Adriano;12;M
James;12;M
Óscar;12;M
Martina;11;F
Riana;11;F
Melanie;11;F
Tamara;11;F
Samanta;11;F
Valéria;11;F
Jénifer;11;F
Ariele;11;F
Maísa;11;F
Deise;11;F
Nicolas;11;M
Alexandru;11;M
Kelvin;11;M
Joshua;11;M
Roberto;11;M
Kendrick;11;M
Augusto;11;M
Cristóvão;11;M
Alberto;11;M
Maia;10;F
Taís;10;F
Carmen;10;F
Briana;10;F
Glória;10;F
Amanda;10;F
Ciara;10;F
Doriana;10;F
Esther;10;F
Thaís;10;F
Clarinha;10;F
Jacinta;10;F
Guiomar;10;F
Esmeralda;10;F
Brenda;10;F
Aisha;10;F
Anaísa;10;F
Jesus;10;M
Natanael;10;M
Domingos;10;M
Vitor;10;M
Adriel;10;M
Erick;10;M
Mark;10;M
Jason;10;M
Davide;10;M
Ruben;10;M
Félix;10;M
Marcus;10;M
Luciano;10;M
Denzel;10;M
Heitor;10;M
Esperança;9;F
Viviana;9;F
Elsa;9;F
Lua;9;F
Natacha;9;F
Olivia;9;F
Oceana;9;F
Luzia;9;F
Ashley;9;F
Tamára;9;F
Concha;9;F
Nina;9;F
Noemi;9;F
Cloe;9;F
Maya;9;F
Rafaella;9;F
Rayanne;9;F
Ísis;9;F
Alicia;9;F
Jonatã;9;M
Gael;9;M
Iúri;9;M
Aléxis;9;M
Kévim;9;M
Mikael;9;M
Zoé;8;F
Sabrina;8;F
Estela;8;F
Maira;8;F
Lya;8;F
Naísa;8;F
Dora;8;F
Cloé;8;F
Charlotte;8;F
Angelina;8;F
Taísa;8;F
Samara;8;F
Penélope;8;F
Lília;8;F
Luisa;8;F
Chloé;8;F
Jennifer;8;F
Suri;8;F
Stella;8;F
Maura;8;F
Aron;8;M
Luis;8;M
Israel;8;M
Lucca;8;M
Ulisses;8;M
Alonso;8;M
Thomas;8;M
Célio;8;M
Helder;8;M
Dennis;8;M
Mohammad;8;M
Rúdi;8;M
Rayan;8;M
Damien;8;M
Eunice;7;F
Martinha;7;F
Aysha;7;F
Aura;7;F
Maryam;7;F
Karina;7;F
Mayra;7;F
Alma;7;F
Josiane;7;F
Eleonor;7;F
Anaís;7;F
Vânia;7;F
Laís;7;F
Graça;7;F
Rayssa;7;F
Mercedes;7;F
Alissa;7;F
Ária;7;F
Lisandra;7;F
Alexa;7;F
Adelaide;7;F
Miranda;7;F
Naíma;7;F
Yohanna;7;F
Lígia;7;F
Edmundo;7;M
Mohamed;7;M
Adrian;7;M
Ary;7;M
Noé;7;M
Agostinho;7;M
Nataniel;7;M
Valentino;7;M
Maurício;7;M
Fabrício;7;M
Denilson;7;M
Felipe;7;M
Theo;7;M
Éder;7;M
Orlando;7;M
Pietro;7;M
Joabe;7;M
Ravi;7;M
Isaque;7;M
Rogério;7;M
Américo;7;M
Enrique;7;M
Raphael;7;M
Stephanie;6;F
Adelina;6;F
Irís;6;F
Melina;6;F
Lina;6;F
Alexia;6;F
Cátia;6;F
Liz;6;F
Jussara;6;F
Mila;6;F
Carol;6;F
Dulce;6;F
Fatumata;6;F
Cândida;6;F
Pérola;6;F
Isaura;6;F
Taíssa;6;F
Jade;6;F
Joyce;6;F
Lavínia;6;F
Suéli;6;F
Irene;6;F
Kayla;6;F
Nídia;6;F
Aurea;6;F
Anabela;6;F
Michele;6;F
Aaron;6;M
Alexandro;6;M
Juliano;6;M
Breno;6;M
Jónatas;6;M
Jair;6;M
Ianis;6;M
Isael;6;M
Robert;6;M
Salomão;6;M
Ícaro;6;M
Tobias;6;M
Amadeu;6;M
Júnior;6;M
Kenzo;6;M
Nathan;6;M
Kauã;6;M
Ibrahim;6;M
Alexander;6;M
Omar;6;M
Anselmo;6;M
Emilly;5;F
Mirian;5;F
Hellen;5;F
Tiffany;5;F
Mercês;5;F
Milana;5;F
Nancy;5;F
Naomi;5;F
Rebecca;5;F
Jacira;5;F
Katie;5;F
Nara;5;F
Anastasia;5;F
Leticia;5;F
Leandra;5;F
Giovanna;5;F
Morgana;5;F
Anamar;5;F
Jessica;5;F
Tiara;5;F
Anaya;5;F
Matilda;5;F
Zoe;5;F
Alessia;5;F
Andrea;5;F
Aminata;5;F
Gabriella;5;F
Flora;5;F
Magda;5;F
Ayla;5;F
Adriela;5;F
Rania;5;F
Evelyn;5;F
Luiza;5;F
Elisabete;5;F
Joelma;5;F
Marlene;5;F
Tiana;5;F
Melany;5;F
Fred;5;M
Élson;5;M
Zion;5;M
Théo;5;M
Jayden;5;M
Eduard;5;M
Válter;5;M
Henry;5;M
Mickael;5;M
Diniz;5;M
Mateo;5;M
Samir;5;M
Lúcio;5;M
Kennedy;5;M
Tierri;5;M
Messias;5;M
Hélio;5;M
Abdul;5;M
Humberto;5;M
Antonio;5;M
Celso;5;M
Marlon;5;M
Jerónimo;5;M
Kauan;5;M
Timóteo;5;M
Haniel;5;M
Iago;5;M
Stefan;5;M
Eliel;5;M
Armando;5;M
Giovanni;5;M
Dominic;5;M
Derick;5;M
Jayson;5;M
Liedson;5;M
Keyla;4;F
Fernanda;4;F
Malika;4;F
Dádiva;4;F
Allana;4;F
Nayra;4;F
Natália;4;F
Natalia;4;F
Cinara;4;F
Michelle;4;F
Diva;4;F
Hannah;4;F
Marisol;4;F
Lucília;4;F
Stela;4;F
Luara;4;F
Janice;4;F
Sol;4;F
Kataleya;4;F
Sheila;4;F
Cataleya;4;F
Cassandra;4;F
Bella;4;F
Florbela;4;F
Celina;4;F
Aida;4;F
Milene;4;F
Alina;4;F
Melyssa;4;F
Kaylane;4;F
Branca;4;F
Iriana;4;F
Dafne;4;F
Amora;4;F
Liliane;4;F
Janaína;4;F
Suria;4;F
Lana;4;F
Ariel;4;F
Sílvia;4;F
Kimberly;4;F
Siena;4;F
Silvana;4;F
Weza;4;F
Evelina;4;F
Haniela;4;F
Veronica;4;F
Guadalupe;4;F
Rayane;4;F
Alyssa;4;F
Mariam;4;F
Sophie;4;F
Joice;4;F
Camilla;4;F
Alba;4;F
Kieza;4;F
Jasmina;4;F
Veronika;4;F
Khadija;4;F
Hadassa;4;F
Polina;4;F
Yasmine;4;F
Cármen;4;F
Nadine;4;F
Sienna;4;F
Daniil;4;M
Adonai;4;M
Hernâni;4;M
Absalão;4;M
Jessé;4;M
Ethan;4;M
Hazael;4;M
Yu;4;M
Damian;4;M
Maksym;4;M
Mamadou;4;M
Angelo;4;M
Amir;4;M
Giani;4;M
Yannick;4;M
Evan;4;M
Azael;4;M
Zaqueu;4;M
Kelton;4;M
Maksim;4;M
Milan;4;M
Maxim;4;M
Ruan;4;M
Jaden;4;M
Anderson;4;M
Yanni;4;M
Matviy;4;M
Chris;4;M
Marcelino;4;M
Apolo;4;M
Silvestre;4;M
Aires;4;M
Brayan;4;M
Jairo;4;M
Ayaan;4;M
Timur;4;M
Alessandro;4;M
Alfredo;4;M
Martín;4;M
Keven;4;M
Kiamy;4;M
Lázaro;4;M
Max;4;M
Alan;4;M
Bento;4;M
Saúl;4;M
Isaías;4;M
Lukas;4;M
Kian;4;M
Djeyson;4;M
Darius;4;M
Mohammed;4;M
Matei;4;M
Eliézer;4;M
Aryan;4;M
Pablo;4;M
Youssef;4;M
Anthony;4;M
Luiz;4;M
Ariela;3;F
Zara;3;F
Elisabeth;3;F
Seerat;3;F
Maimuna;3;F
Ânia;3;F
Klara;3;F
Ália;3;F
Melinda;3;F
Brianna;3;F
Ava;3;F
Nour;3;F
Ândria;3;F
Aicha;3;F
Zita;3;F
Tabita;3;F
Nalini;3;F
Rossana;3;F
Isadora;3;F
Sharon;3;F
Laryssa;3;F
Taynara;3;F
Barbara;3;F
Lucy;3;F
Andreea;3;F
Dina;3;F
Maitê;3;F
Lola;3;F
Lena;3;F
Teresinha;3;F
Ellie;3;F
Elvira;3;F
Sahara;3;F
Aylla;3;F
Catalina;3;F
Nicolly;3;F
Marília;3;F
Stephany;3;F
Rúbia;3;F
Noémi;3;F
Filomena;3;F
Eliza;3;F
Agatha;3;F
Denisa;3;F
Daisi;3;F
Fábia;3;F
Olga;3;F
Aaliyah;3;F
Emilia;3;F
Nayla;3;F
Liany;3;F
Sasha;3;F
Nikol;3;F
Muriel;3;F
Pietra;3;F
Latifa;3;F
Aliça;3;F
Lira;3;F
Ticiana;3;F
Leah;3;F
Lucía;3;F
Edna;3;F
Stefany;3;F
Nuna;3;F
Daiana;3;F
Quélia;3;F
Leia;3;F
Radija;3;F
Emanuela;3;F
Fatima;3;F
Thayla;3;F
Ivana;3;F
Kira;3;F
Anabel;3;F
Amy;3;F
Cássia;3;F
Sarai;3;F
Arina;3;F
Geovana;3;F
Pandora;3;F
Francesca;3;F
Letízia;3;F
Alda;3;F
Estefânia;3;F
Amira;3;F
Mirela;3;F
Lunna;3;F
Hoorain;3;F
Dália;3;F
Zaira;3;F
Cora;3;F
Kailany;3;F
Zoey;3;F
Suely;3;F
Sehajpreet;3;F
Ionara;3;F
Jandira;3;F
Indira;3;F
Mathilde;3;F
Hawa;3;F
Linda;3;F
Armaan;3;M
Kleyton;3;M
Evandro;3;M
Angélico;3;M
Artyom;3;M
Josias;3;M
Nilson;3;M
Marvin;3;M
Máximo;3;M
Marley;3;M
Kévin;3;M
Délcio;3;M
Benício;3;M
Yohan;3;M
Deivid;3;M
Uriel;3;M
Raphaël;3;M
Vladimir;3;M
Lopo;3;M
Nicollas;3;M
Oziel;3;M
Steven;3;M
Nikita;3;M
Aleksandr;3;M
Inácio;3;M
Vladislav;3;M
Prince;3;M
Abdullah;3;M
George;3;M
Dante;3;M
Derek;3;M
Axel;3;M
Eurico;3;M
Zayn;3;M
Johnny;3;M
Elijah;3;M
Baltasar;3;M
Gastão;3;M
Felix;3;M
Nicholas;3;M
Ioan;3;M
Fabiano;3;M
Rubim;3;M
Delmar;3;M
Michael;3;M
Sancho;3;M
Arsénio;3;M
Francesco;3;M
Armindo;3;M
Jack;3;M
Valentin;3;M
Rubi;3;M
Christopher;3;M
Eder;3;M
Abdoulaye;3;M
Maximus;3;M
Neymar;3;M
Jan;3;M
Richard;3;M
Reinaldo;3;M
Ion;3;M
Delfim;3;M
Nazar;3;M
Jacinto;3;M
Juan;3;M
Ezio;3;M
Emídio;3;M
Virgílio;3;M
Kelson;3;M
Davy;3;M
Bogdan;3;M
Sílvio;3;M
Alexandr;3;M
Diamantino;3;M
Louis;3;M
Emmanuel;3;M
Iulian;3;M
Oscar;3;M
Tito;3;M
Nilton;3;M
Nélson;3;M
Debora;2;F
Aleksandra;2;F
Dominique;2;F
Anair;2;F
Heloísa;2;F
Gisela;2;F
Jana;2;F
Delia;2;F
Rosário;2;F
Mágui;2;F
Stefania;2;F
Inara;2;F
Lidiana;2;F
Cristal;2;F
Cheila;2;F
Jasmeen;2;F
Letizia;2;F
Laureana;2;F
Anaelle;2;F
Vilma;2;F
Manha;2;F
Andra;2;F
Amelia;2;F
Ayumi;2;F
Melody;2;F
Yasmina;2;F
Assunção;2;F
Genésia;2;F
Nayma;2;F
Nadia;2;F
Nélia;2;F
Antonia;2;F
Crystal;2;F
Yana;2;F
Kamila;2;F
Thayra;2;F
Élia;2;F
Ayesha;2;F
Lurdes;2;F
Emanuelle;2;F
Aryana;2;F
Anastácia;2;F
Jael;2;F
Aliana;2;F
Zélia;2;F
Eveline;2;F
Otília;2;F
Perla;2;F
Chelsea;2;F
Yi;2;F
Kendra;2;F
Hayla;2;F
Viktoria;2;F
Jil;2;F
Fedra;2;F
Ivy;2;F
Samaritana;2;F
Marwa;2;F
Miguela;2;F
Aliyha;2;F
Josefa;2;F
Poliana;2;F
Karen;2;F
Laysla;2;F
Ranya;2;F
Lilian;2;F
Josefina;2;F
Maribel;2;F
Piedade;2;F
Amina;2;F
Lyah;2;F
Djelissa;2;F
Suzi;2;F
Viktoriya;2;F
Jasmeet;2;F
Adélia;2;F
Isís;2;F
Rahyssa;2;F
Stéphanie;2;F
Orquídea;2;F
Shaira;2;F
Adama;2;F
Graciana;2;F
Ludmila;2;F
Yangchen;2;F
Emilie;2;F
Rose;2;F
Céline;2;F
Dayra;2;F
Anaisa;2;F
Alisa;2;F
Aya;2;F
íris;2;F
Anastacia;2;F
Lavinia;2;F
Jacyara;2;F
Alisha;2;F
Hossana;2;F
Ananda;2;F
Soraya;2;F
Malak;2;F
Arianna;2;F
Karolina;2;F
Marie;2;F
Florinda;2;F
Samantha;2;F
Karine;2;F
Kaya;2;F
Ayani;2;F
Bela;2;F
Ohana;2;F
Angela;2;F
Jia;2;F
Mikaela;2;F
Isabelly;2;F
Rahela;2;F
Dilnura;2;F
Elzira;2;F
Mariama;2;F
Elizabeth;2;F
Anais;2;F
Oumou;2;F
Louisa;2;F
Estefany;2;F
Layra;2;F
Thaíssa;2;F
Cidália;2;F
Selma;2;F
Olinda;2;F
Katia;2;F
Grace;2;F
Mankirat;2;F
Girisha;2;F
Lueji;2;F
Heloisa;2;F
Zlata;2;F
Roberta;2;F
Louise;2;F
Ticiane;2;F
Prapti;2;F
Melânia;2;F
Lyara;2;F
Séfora;2;F
Tamar;2;F
Mellyssa;2;F
Katerina;2;F
Dominika;2;F
Izabel;2;F
Suzana;2;F
Yaqi;2;F
Elizabet;2;F
Ágata;2;F
Valentine;2;F
Amélie;2;F
Vivian;2;F
Neusa;2;F
Gaia;2;F
Deva;2;F
Raina;2;F
Dária;2;F
Lícia;2;F
Stacy;2;F
Elisete;2;F
Elisama;2;F
Hareem;2;F
Eshal;2;F
Inaaya;2;F
Andressa;2;F
KellY;2;F
Hélia;2;F
Giulia;2;F
Yiyi;2;F
Quessia;2;F
Lyana;2;F
Yassna;2;F
Iasmin;2;F
Zilda;2;F
Myriam;2;F
Adriele;2;F
Cleide;2;F
Sujana;2;F
Andreína;2;F
Gabrielly;2;F
Mel;2;F
Janira;2;F
Geovanna;2;F
Adele;2;F
Celeste;2;F
Nayr;2;F
Aliya;2;F
Raíssa;2;F
Alycia;2;F
Berenice;2;F
Cadija;2;F
Hafsa;2;F
Virgínia;2;F
Bebiana;2;F
Anny;2;F
Luenna;2;F
Nelsa;2;F
Izabella;2;F
Julia;2;F
Neide;2;F
Evelin;2;F
Simona;2;F
Jessie;2;F
Surya;2;F
Gina;2;F
Ayra;2;F
Rosalina;2;F
Jane;2;F
Lisa;2;F
Tainara;2;F
Jasmine;2;F
Miria;2;F
Mellanie;2;F
Ndeye;2;F
Gusttavo;2;M
Estevão;2;M
Aarnav;2;M
Jeferson;2;M
Joseph;2;M
Agrim;2;M
Lamarana;2;M
Helton;2;M
Édi;2;M
Wallace;2;M
Danilson;2;M
Keyson;2;M
Belchior;2;M
Dérick;2;M
Walter;2;M
Albert;2;M
Fernão;2;M
Shayan;2;M
Mario;2;M
Kael;2;M
Mustafa;2;M
Georgi;2;M
Anael;2;M
Francis;2;M
Esteban;2;M
Enoque;2;M
Hermano;2;M
Kiari;2;M
Mílton;2;M
Ibrahima;2;M
Calebe;2;M
Simon;2;M
Ezra;2;M
Yannis;2;M
Mauri;2;M
Emílio;2;M
Tom;2;M
Willian;2;M
Hamilton;2;M
Kayden;2;M
Tyron;2;M
Abraão;2;M
Elielson;2;M
Laércio;2;M
Hao;2;M
Guransh;2;M
Eli;2;M
Atanas;2;M
Eddy;2;M
Ming;2;M
Ivanilson;2;M
Jefferson;2;M
Fabian;2;M
Marcel;2;M
Vasile;2;M
Kimi;2;M
Bartolomeu;2;M
Jia;2;M
Cédric;2;M
Arnaldo;2;M
Valter;2;M
Eliseu;2;M
Kyami;2;M
Edir;2;M
Jóni;2;M
Léon;2;M
Mariano;2;M
Kyle;2;M
Cael;2;M
Kirill;2;M
Nikolai;2;M
Henzo;2;M
Rodney;2;M
Michel;2;M
Lev;2;M
Lui;2;M
Yi;2;M
Rodolfo;2;M
Ben;2;M
Nathaniel;2;M
Camilo;2;M
Giovany;2;M
Kushal;2;M
Samoa;2;M
Alcino;2;M
Jun;2;M
Filip;2;M
Túlio;2;M
Kaio;2;M
Élton;2;M
Elói;2;M
Abrão;2;M
Atílio;2;M
Asael;2;M
Nélio;2;M
Arman;2;M
Cristovão;2;M
Jadir;2;M
Viriato;2;M
Oleksandr;2;M
Eden;2;M
Ionut;2;M
Abílio;2;M
Ahmad;2;M
Ayrton;2;M
Jimmy;2;M
Gelson;2;M
Eusébio;2;M
Éric;2;M
Teófilo;2;M
Ilídio;2;M
Luka;2;M
Antoine;2;M
Harry;2;M
Luke;2;M
Finn;2;M
Hilário;2;M
Jordan;2;M
Antônio;2;M
Aayush;2;M
Maximiano;2;M
Brahim;2;M
Zhen;2;M
Andriy;2;M
Gilberto;2;M
Tyler;2;M
Avelino;2;M
Kevyn;2;M
Arian;2;M
Lian;2;M
Antero;2;M
Nicolae;2;M
Milton;2;M
Pavel;2;M
Jonata;2;M
Adrián;2;M
Romão;2;M
Janilson;2;M
Dario;2;M
Damião;2;M
Stephen;2;M
Raj;2;M
Zé;2;M
Alvin;2;M
Mathias;2;M
Osvaldo;2;M
Gianluca;2;M
Edwin;2;M
Jamie;2;M
Russell;2;M
Ravidson;2;M
Destiny;2;M
Érico;2;M
Kyan;2;M
Mizael;2;M
Gilson;2;M
Ari;2;M
Dinarte;2;M
Patrício;2;M
Giorgi;2;M
Yaroslav;2;M
Teotónio;2;M
Adalberto;2;M
Santhiago;2;M
Amaro;2;M
Laurindo;2;M
Zihao;2;M
Nikolas;2;M
Kylian;2;M
Catalin;2;M
Djayson;2;M
Mouhamed;2;M
Claúdio;2;M
Bilal;2;M
Kristian;2;M
Oséias;2;M
Aarav;2;M
Jeremias;2;M
Ishan;2;M
Valdemar;2;M
Imran;2;M
Nilo;2;M
Kenny;2;M
Riyan;2;M
Aman;2;M
Januário;2;M
Rian;2;M
Nicola;2;M
Matthias;2;M
Hasna;1;F
Miruna;1;F
Belle;1;F
Adalbmira;1;F
Dâmaris;1;F
Moira;1;F
Rosinda;1;F
Wiliana;1;F
Janna;1;F
Enily;1;F
Tita;1;F
Kentia;1;F
Isabely;1;F
Hasmara;1;F
Danniielly;1;F
Djacqueline;1;F
Shayenne;1;F
Jaycee;1;F
Tajpreet;1;F
Edegarnia;1;F
Khyara;1;F
Magalie;1;F
Lilly;1;F
Emanuele;1;F
Giselle;1;F
Jacqueline;1;F
Allicy;1;F
Tayanne;1;F
Evelyne;1;F
All;1;F
Redhana;1;F
Khushpreet;1;F
Magali;1;F
Lyssa;1;F
Hapel;1;F
Alsusy;1;F
Khloé;1;F
Jasira;1;F
Idjatu;1;F
Neidivana;1;F
Saphira;1;F
Svetlana;1;F
Palmira;1;F
Licínia;1;F
Laia;1;F
Andy;1;F
Marle;1;F
Robella;1;F
Keyna;1;F
Shanti;1;F
Isys;1;F
Roumaysa;1;F
Ricardina;1;F
Epifânia;1;F
Vivianne;1;F
Talícia;1;F
Valdimira;1;F
Stéphane;1;F
Maxine;1;F
Yvana;1;F
Zora;1;F
Tayane;1;F
Lavonne;1;F
Umaro;1;F
Thays;1;F
Anise;1;F
Loane;1;F
Assmaa;1;F
Clotilde;1;F
Evalyn;1;F
Thyara;1;F
Anusrita;1;F
Juli;1;F
Elcy;1;F
Cínara;1;F
Rey;1;F
Prasiddi;1;F
Taiana;1;F
Cathaleya;1;F
Chisom;1;F
Yellen;1;F
Joya;1;F
Kathrine;1;F
Miftah;1;F
Talia;1;F
Zahira;1;F
Nikita;1;F
Arione;1;F
Bipashna;1;F
Shakira;1;F
Zalia;1;F
Mahia;1;F
Tabata;1;F
Kalyani;1;F
Khushmeet;1;F
Crismara;1;F
Kezia;1;F
Tatheer;1;F
Daymin;1;F
Tahmarah;1;F
Garima;1;F
Helciany;1;F
Itamara;1;F
Inga;1;F
Olive;1;F
Mihaela;1;F
Gabi;1;F
Vasilisa;1;F
Afonsina;1;F
Ariella;1;F
Layan;1;F
Midha;1;F
Kyla;1;F
Chimalavera;1;F
Sarika;1;F
Aimeé;1;F
Sófia;1;F
Ara;1;F
Isabelle;1;F
Conceição;1;F
Anurroi;1;F
Yankshee;1;F
Bronoéalfate;1;F
Mariluz;1;F
Keilany;1;F
Nahari;1;F
Dariana;1;F
Adriane;1;F
Jeanne;1;F
Valeria;1;F
Vanélssia;1;F
Keerat;1;F
Lis;1;F
Anastasiya;1;F
Bernadette;1;F
Naziat;1;F
Darcieny;1;F
Fradiana;1;F
Marlice;1;F
Nísia;1;F
Aahana;1;F
Énia;1;F
Xiang;1;F
Thylane;1;F
Évelyn;1;F
Suriah;1;F
Lotte;1;F
Almerinda;1;F
Luege;1;F
Lissandra;1;F
Nevena;1;F
Zahara;1;F
Fanny;1;F
Fabijana;1;F
Hélida;1;F
Lasilis;1;F
Violeta-Maria;1;F
Hala;1;F
Eleni;1;F
Aylén;1;F
Anagila;1;F
Ingrid;1;F
Lowrannie;1;F
Mame;1;F
Keri;1;F
Ashanty;1;F
Solene;1;F
Abinsha;1;F
Mireya;1;F
Jayara;1;F
Christine;1;F
Allet;1;F
Jorzana;1;F
Jane-Grace;1;F
Christiane;1;F
Jingwen;1;F
Hendra;1;F
Kamilla;1;F
Alicya;1;F
Yohanni;1;F
Marcelina;1;F
Gilsa;1;F
Gelcyara;1;F
Edilssa;1;F
Antonya;1;F
Lianor;1;F
Dinora;1;F
Maisha;1;F
Leisiana;1;F
Nícia;1;F
Aliéne;1;F
Kellen;1;F
Wen;1;F
Djariato;1;F
Djanira;1;F
CoraMae;1;F
Alexandrina;1;F
Addis;1;F
Prinsha;1;F
Rayna;1;F
Giselene;1;F
Georgeta;1;F
Cyara;1;F
Aliah;1;F
Timea;1;F
Njinga;1;F
Aksinia;1;F
Casey;1;F
Ágnes-Dorottya;1;F
Nayelle;1;F
Adan;1;F
Vida;1;F
Ifra;1;F
Leana;1;F
Nika;1;F
Daphne;1;F
Saffron;1;F
Laibah;1;F
Aina;1;F
Salete;1;F
Arisha;1;F
Jeicilin;1;F
Kisa;1;F
Ysys;1;F
Ivanne;1;F
Noor;1;F
Vanilda;1;F
Zainab;1;F
Faiza;1;F
Sonam;1;F
Yafei;1;F
Maíra;1;F
Keily;1;F
Omara;1;F
Bianka;1;F
Anami;1;F
Kayana;1;F
Noá;1;F
Maanvika;1;F
Lectícia;1;F
Elvina;1;F
Lauren;1;F
Ramatoulaye;1;F
Jasleen;1;F
Jamily;1;F
Xénia;1;F
Alia;1;F
Noelle;1;F
Elana;1;F
Marya;1;F
Leiza;1;F
Noémia;1;F
Lakshmi;1;F
Sónya;1;F
Shahrizoda;1;F
Iolanda;1;F
Leocádia;1;F
Hiranya;1;F
Isra;1;F
Lucia;1;F
Liziane;1;F
Chelsy;1;F
Lorenza;1;F
Rosângela;1;F
Sadiya;1;F
Nirian;1;F
Cellen;1;F
Amal;1;F
Namaaha;1;F
Daniely;1;F
Tayline;1;F
Snow;1;F
Savannah;1;F
Keya;1;F
Manraj;1;F
Kiláry;1;F
Ribana;1;F
Avni;1;F
Joaninha;1;F
Neomi;1;F
Elany;1;F
Aira;1;F
Nayarah;1;F
Lidiany;1;F
Salemata;1;F
Dilca;1;F
Albena;1;F
Jossara;1;F
Surita;1;F
Marilinda;1;F
Ezequiela;1;F
Annaysa;1;F
Maddalena;1;F
Layne;1;F
Jassira;1;F
MariaLuísa;1;F
Nami;1;F
Hania;1;F
Suphatsara;1;F
N'Nasta;1;F
Helen;1;F
Malú;1;F
Anícia;1;F
Angel;1;F
Carlotta;1;F
Priyanka;1;F
Medea;1;F
Hassanatou;1;F
Mushtaribonu;1;F
Denysa;1;F
Salma;1;F
Hélcia;1;F
Huda;1;F
Vlada;1;F
Eleonora;1;F
Benice;1;F
Yunxi;1;F
Salamata;1;F
Suellen;1;F
Nelsiany;1;F
Gulmira;1;F
Jenifer;1;F
Kristi;1;F
Arima;1;F
Evie;1;F
Anni;1;F
Naery;1;F
Ussainatu;1;F
Elmara;1;F
Persília;1;F
Kassyane;1;F
Hajar;1;F
Wayela;1;F
Ke;1;F
Ayara;1;F
Cataleia;1;F
korine;1;F
Beatrix;1;F
Rahemeen;1;F
Devni;1;F
Ritaj;1;F
Alesia;1;F
Felipa;1;F
Florença;1;F
Eshaal;1;F
Talita;1;F
Greicekelly;1;F
Dana;1;F
Euridce;1;F
Késsia;1;F
Ayanne;1;F
Pyetra;1;F
Ewa;1;F
Adanna;1;F
Átila;1;F
Geneza;1;F
Jaciara;1;F
Arohi;1;F
Lisbon;1;F
Nilsiane;1;F
Ariadna;1;F
Neydiani;1;F
Umaiza;1;F
Joaquim;1;F
Navsirat;1;F
Juelma;1;F
Fiona;1;F
Berta;1;F
Luyana;1;F
Varvâra;1;F
Túlia;1;F
Amelie;1;F
Josemara;1;F
Joaquina;1;F
Caterine;1;F
Simão;1;F
Aleesha;1;F
Sonia;1;F
Aleisa;1;F
Quéren;1;F
Francisa;1;F
Alise;1;F
Julyvalda;1;F
Floy;1;F
Ryhana;1;F
Denitsha;1;F
Marah;1;F
Morayooluwa;1;F
Marilyn;1;F
Yoná;1;F
Harleen;1;F
Feliciana;1;F
Aziza;1;F
Selina;1;F
Parisa;1;F
Evellyn;1;F
Jackeline;1;F
Biana;1;F
Dune;1;F
Alésia;1;F
Liliia;1;F
Máriyah;1;F
Amarílys;1;F
Stanislawa;1;F
Tessália;1;F
Natasha;1;F
Marcia;1;F
Radassa;1;F
Dione;1;F
Malia;1;F
Laya;1;F
Layanne;1;F
Julciane;1;F
Nidhi;1;F
Yasmim;1;F
Ella;1;F
Carmina;1;F
Arminé;1;F
Moana;1;F
Dadivania;1;F
Mahakdip;1;F
Natércia;1;F
Nazariel;1;F
Jeovana;1;F
Caterina;1;F
Juisney;1;F
Malaz;1;F
Arielly;1;F
Japjot;1;F
Deisy;1;F
Maahirah;1;F
Solayra;1;F
Kélcia;1;F
Hilola;1;F
Málua;1;F
Edmara;1;F
Shaskia;1;F
Rissia;1;F
Williane;1;F
Jaylin;1;F
Kendall;1;F
Kaylie;1;F
Bryanna;1;F
Manuella;1;F
Kessya;1;F
Yan;1;F
Destiny;1;F
Abrish;1;F
Ludyanne;1;F
Wizana;1;F
Brisha;1;F
Syrine;1;F
Samicha;1;F
Clezia;1;F
Dharyani;1;F
Manahil;1;F
Gara;1;F
Assia;1;F
Khadidiatou;1;F
Noecris;1;F
Monica;1;F
Raisa;1;F
Arissa;1;F
Ashmeet;1;F
Mylena;1;F
Gisola;1;F
Eknoor;1;F
Oliwia;1;F
Nimi;1;F
Libânia;1;F
Constanza;1;F
Nisa;1;F
Yoshika;1;F
Yunna;1;F
Tenzin;1;F
Aissa;1;F
Julieth;1;F
Sashi;1;F
Josiana;1;F
Yelissa;1;F
Seynabou;1;F
Nayomi;1;F
Suvannah;1;F
Sandy;1;F
Palomá;1;F
Magdalena;1;F
Sulamita;1;F
Pritisha;1;F
Mehribon;1;F
Djenabú;1;F
Nayára;1;F
Deye;1;F
Késia;1;F
Nidiane;1;F
Liriane;1;F
Patricia;1;F
Stephanny;1;F
Tshelika;1;F
Djamilatu;1;F
Dáriane;1;F
Yeomney;1;F
Sury;1;F
Abbie;1;F
Kirpagurasis;1;F
Alfatihah;1;F
Rhoda;1;F
Lucie;1;F
Buia;1;F
Amara;1;F
Gilda;1;F
Edilzy;1;F
Glaucivania;1;F
Kiany;1;F
Kessia;1;F
Naiesha;1;F
Jada;1;F
Tong;1;F
Laksmi;1;F
Anne;1;F
Vruti;1;F
Jilsiany;1;F
Mahira;1;F
Nicol;1;F
Navroz;1;F
Ariadne;1;F
Steveandra;1;F
Aprilia;1;F
Ruth;1;F
Sabina;1;F
Alcilane;1;F
Naylah;1;F
Kaela;1;F
Rosária;1;F
Eiman;1;F
Bristi;1;F
Dolores;1;F
Emiliana;1;F
Joicy;1;F
Yufei;1;F
Maïdo;1;F
Niah;1;F
Dhiyanshi;1;F
Klery;1;F
Delcia;1;F
Ostara;1;F
Gudusuaina;1;F
Heidy;1;F
Electra;1;F
Caroline;1;F
Leslie;1;F
Cadijato;1;F
Chiara;1;F
Scarlett;1;F
Cici;1;F
Aniara;1;F
Miah;1;F
Jottália;1;F
Giuliana;1;F
Eulinia;1;F
Marisela;1;F
Katalya;1;F
Axelle;1;F
Yumi;1;F
Harnoor;1;F
Laurena;1;F
Eloah;1;F
Elleonor;1;F
Adchaeiny;1;F
Jordanna;1;F
Audrey;1;F
Ululani;1;F
Katrin;1;F
Kamilly;1;F
Sadjo;1;F
Ilsa;1;F
Glenda;1;F
Teodora;1;F
Abhineet;1;F
Ismaela;1;F
Elis;1;F
Dadivina;1;F
Amritjot;1;F
Angelika;1;F
ELoíza;1;F
Karnjeet;1;F
Edneyja;1;F
Zenaida;1;F
Ndaye;1;F
Dania;1;F
Qristina;1;F
Philomène;1;F
Sejal;1;F
Blendcy;1;F
Iva;1;F
Yaqoot;1;F
Laurinda;1;F
Nerissa;1;F
Tian;1;F
Mara-Grace;1;F
Elisabeta;1;F
Dezayre;1;F
Elaina;1;F
Ashveen;1;F
Kenza;1;F
Cathrionna;1;F
Khaleesi;1;F
Karoliny;1;F
Nariel;1;F
Amna;1;F
Piya;1;F
Nazaré;1;F
Gelila;1;F
Thais;1;F
Gesciana;1;F
Délia;1;F
Kyana;1;F
Romana;1;F
Kiendra;1;F
Rio;1;F
Selena;1;F
Alaina;1;F
Arieli;1;F
Mansikha;1;F
Kailanny;1;F
Dounia;1;F
Erika-Daniela;1;F
Adira;1;F
Janine;1;F
Smahir;1;F
Kellyn;1;F
Gabrielle;1;F
Mizuki;1;F
Namira;1;F
Shariya;1;F
Catia;1;F
Pretty;1;F
Ngenda;1;F
Andriana;1;F
Acácia;1;F
Yêda;1;F
Yulia;1;F
Vanine;1;F
Constânça;1;F
Manmeet;1;F
Ilyana;1;F
Ruby;1;F
Silvia;1;F
Sofya;1;F
Medeea;1;F
Túlipa;1;F
Katerin;1;F
Agneya;1;F
Yuwei;1;F
Khando;1;F
M'mahawa;1;F
Hadija;1;F
Lilia;1;F
Acakarein;1;F
Sukhmeet;1;F
Kayma;1;F
Juliet;1;F
Gianna;1;F
Lenicy;1;F
Saana;1;F
Eárine;1;F
Célia;1;F
Nadyne;1;F
Mabel;1;F
Laíz;1;F
Agnes;1;F
Swikriti;1;F
Eugénia;1;F
Anoek;1;F
Fabrícia;1;F
June;1;F
Franziska;1;F
Fredilsa;1;F
Jessy;1;F
Taranjit;1;F
Shayanne;1;F
Mannat;1;F
Wilsia;1;F
Betânia;1;F
Saskia;1;F
Deolinda;1;F
Melek;1;F
Ábda;1;F
Astha;1;F
Enora;1;F
Carlene;1;F
Sintra;1;F
Giana;1;F
Keimilly;1;F
Heluísa;1;F
Itiele;1;F
Halana;1;F
Marianna;1;F
Anira;1;F
Lania;1;F
Génesis;1;F
Nahary;1;F
Gélsia;1;F
Ursula;1;F
Wyssan;1;F
Xiyu;1;F
Rayannie;1;F
Ioana;1;F
Josianne;1;F
Daiane;1;F
Helga;1;F
Patrisia;1;F
Lukeni;1;F
Agustina;1;F
Adely;1;F
Stefania-Mioara;1;F
Alexya;1;F
Khiiara;1;F
Thalita;1;F
Biyu;1;F
Antonela;1;F
leonor;1;F
Elliane;1;F
Kihara;1;F
Dadivânia;1;F
Evandra;1;F
Savana;1;F
Niza;1;F
Wueza;1;F
Ninara;1;F
Weidy;1;F
Miriãn;1;F
Zhara;1;F
Elody;1;F
Celmira;1;F
Solomia;1;F
Isla;1;F
Raniyah;1;F
Jofrania;1;F
Soline;1;F
Mari;1;F
Karol;1;F
Kessyah;1;F
Chantell;1;F
Rasan;1;F
Dafny;1;F
Carole;1;F
Rhebekka;1;F
Margaryta;1;F
Aynara;1;F
Cibele;1;F
Maysa;1;F
Danielle;1;F
Suryanne;1;F
Yuhan;1;F
Lilya;1;F
Lilu;1;F
Casimira;1;F
Maryana;1;F
Katherine;1;F
Miglena;1;F
Jordana;1;F
Mariah;1;F
Rafa;1;F
Pixie;1;F
Manreet;1;F
Yokana;1;F
Nicolle;1;F
Alanis;1;F
Núbia;1;F
Âmbar;1;F
Aylin;1;F
Sayesha;1;F
Aryanna;1;F
Elyanne;1;F
Amissette;1;F
Emanuelly;1;F
Regina;1;F
Rocio;1;F
Xinyan;1;F
Ivandra;1;F
Melinie;1;F
Idiatou;1;F
Solomiia;1;F
Suhveen;1;F
Laércia;1;F
Brisa;1;F
Orianna;1;F
Luinysa;1;F
Nelcy;1;F
Aniya;1;F
Pallavi;1;F
Kessyane;1;F
Xica;1;F
Mansirat;1;F
India-Rose;1;F
Yoanna;1;F
Naiane;1;F
Senhorinha;1;F
Dineia;1;F
Yuxuan;1;F
Estera;1;F
Dinica;1;F
Binta;1;F
Árya;1;F
Yaroslava;1;F
Kassyani;1;F
Rafia;1;F
Vedanshi;1;F
Nimrat;1;F
Kênia;1;F
Ivaldira;1;F
Àurea;1;F
Camélia;1;F
Sancha;1;F
Danacan;1;F
Natali;1;F
Myra;1;F
Houssainatou;1;F
Ketleliny;1;F
Shael;1;F
Sáli;1;F
Heloá;1;F
Ketlyn;1;F
Iracema;1;F
Frida;1;F
Luciane;1;F
Shareen;1;F
Divija;1;F
Subana;1;F
Aurélia;1;F
Ayhane;1;F
Iria;1;F
Kadija;1;F
Mariame;1;F
Harkirat;1;F
Belisa;1;F
Chelse;1;F
Jaqueline;1;F
Maryon;1;F
Felícia;1;F
Lidiane;1;F
Élice;1;F
Dianna;1;F
Luine;1;F
Siara;1;F
Açucena;1;F
Helaine;1;F
Hamda;1;F
Lohana;1;F
Tayanni;1;F
Williana;1;F
Vania;1;F
José;1;F
Isabelina;1;F
Adifaah;1;F
Constância;1;F
Rihana;1;F
Nigina;1;F
Humaira;1;F
Acricia;1;F
Kyra;1;F
Dércia;1;F
Erin;1;F
Nia;1;F
Romane;1;F
Niriani;1;F
Cáren;1;F
Annelise;1;F
Yngrid;1;F
Nayleen;1;F
Lays;1;F
Sania;1;F
Élis;1;F
Roshni;1;F
Roseane;1;F
Xiluva;1;F
Alena;1;F
Melánie;1;F
Taysha;1;F
Taciana;1;F
Carmel;1;F
Shayana;1;F
Zulai;1;F
Raihanny;1;F
Hellena;1;F
Emelly;1;F
Maika;1;F
Lorrainy;1;F
Nevelly;1;F
Ciyara;1;F
Aiza;1;F
Ivânia;1;F
Amaris;1;F
Mabinty;1;F
Simrik;1;F
Handreia;1;F
Madalina;1;F
Noah;1;F
Anuradha;1;F
Kemily;1;F
Keyanna;1;F
Nirjala;1;F
Kátia;1;F
Mircya;1;F
Neyllin;1;F
Kyomara;1;F
Parissa;1;F
Sanjida;1;F
Dariya;1;F
Malu;1;F
Aniery;1;F
Daisy;1;F
Iuliana;1;F
Beatris;1;F
Gurleen;1;F
Dalanda;1;F
Afreen;1;F
Lweji;1;F
Pendasecka;1;F
Zhoé;1;F
Tanveen;1;F
Cyntia;1;F
Farha;1;F
Laila;1;F
Astou;1;F
Fatou;1;F
Rajina;1;F
Nayel;1;F
Emanuely;1;F
Divyanka;1;F
Carlize;1;F
Luane;1;F
Anabia;1;F
Cherry;1;F
Émilly;1;F
Vidhi;1;F
Daiany;1;F
Rayana;1;F
Yian;1;F
Riman;1;F
Osvaldeclenia;1;F
Paulina;1;F
Dianilse;1;F
Suvigya;1;F
Otchali;1;F
Joseline;1;F
Anureet;1;F
Ulmira;1;F
Raiane;1;F
Yesmine;1;F
Sole;1;F
Silmery;1;F
Armanda;1;F
Anaïs;1;F
Graciete;1;F
Aglaya;1;F
Shahshenazneet;1;F
Janete;1;F
Keitlyn;1;F
Subasna;1;F
Khloe;1;F
Jaylee;1;F
Hilma;1;F
Yanxi;1;F
Aurelie;1;F
Fabyene;1;F
Cristela;1;F
Evilly;1;F
Luanny;1;F
Dámaris;1;F
Joselina;1;F
Britney;1;F
Domingas;1;F
Gianny;1;F
Yalissa;1;F
Yani;1;F
Kathleen;1;F
Alanya;1;F
Tannisha;1;F
Melisa;1;F
Charline;1;F
Japleen;1;F
Zhiqi;1;F
Cleidiane;1;F
Laureanny;1;F
Naíra;1;F
Roxana;1;F
Lwena;1;F
Florence;1;F
Angeljot;1;F
Tshayene;1;F
Safwa;1;F
Edit;1;F
Velina;1;F
Judite;1;F
Rosedeep;1;F
Hosana;1;F
Alcione;1;F
Jazzmine;1;F
Tilia;1;F
Daliah;1;F
Alyara;1;F
Meera;1;F
Malena;1;F
Mahima;1;F
Shiyu;1;F
Mateus;1;F
Joi;1;F
Steffany;1;F
Prudência;1;F
Slaveya;1;F
Kremena;1;F
Daina;1;F
Gala;1;F
Kássya;1;F
Inaara;1;F
Livia;1;F
Jailma;1;F
Priyani;1;F
Judith;1;F
Harseerat;1;F
Sanuthi;1;F
Desidéria;1;F
Zoya;1;F
Kellyne;1;F
Mileyna;1;F
Preciosa;1;F
Eliete;1;F
Amandeed;1;F
Jannat;1;F
Laurel;1;F
Izabela;1;F
Sura;1;F
Malie;1;F
Stefane;1;F
Dylara;1;F
Helene;1;F
Bareerah;1;F
Marion;1;F
Yashna;1;F
Inna;1;F
Junira;1;F
Madelene;1;F
Awa;1;F
Mayline;1;F
Elisiane;1;F
Alysha;1;F
Niara;1;F
Skylar;1;F
Marli;1;F
Sohany;1;F
Aixa;1;F
Rosana;1;F
Nahyma;1;F
Tasmia;1;F
Paola;1;F
Murphy;1;F
Tawila;1;F
Ayana;1;F
Mayana;1;F
Kiuma;1;F
Fenda;1;F
Edineusa;1;F
Aliyah;1;F
Muntaha;1;F
Lyane;1;F
Zi;1;F
Vittória;1;F
April;1;F
Aljahzye;1;F
Dgeorgia;1;F
Joquebede;1;F
Yolela;1;F
Wilma;1;F
Anam;1;F
Shabih;1;F
Danya;1;F
Seomara;1;F
Cindy;1;F
Alécia;1;F
Fylipa;1;F
Anayah;1;F
Larayumi;1;F
Sumayya;1;F
Léanor;1;F
Liah;1;F
Margarita;1;F
Ezra;1;F
Keity;1;F
Lily;1;F
Debra;1;F
Nicoly;1;F
Ilda;1;F
Avonlea;1;F
Siomara;1;F
Cinthya;1;F
Apani;1;F
Valnice;1;F
Vitorina;1;F
Adija;1;F
Mabell;1;F
Stefaniia;1;F
Aynoah;1;F
Miya;1;F
Rouguiatou;1;F
Papoila;1;F
Nusaybah;1;F
Claire;1;F
Gurmehek;1;F
Léa;1;F
Namita;1;F
Raluca;1;F
Kissia;1;F
Lysie;1;F
Nura;1;F
Miriã;1;F
Jullia;1;F
Naila;1;F
Aariyana;1;F
Lanna;1;F
Marguerite;1;F
Priyanshi;1;F
Ebenézer;1;F
Ni;1;F
Ilinca;1;F
Eliany;1;F
Octávia;1;F
Rayanna;1;F
Joseane;1;F
Emaan;1;F
Alaia;1;F
Nuo;1;F
Mali;1;F
Cleopatra;1;F
Brishma;1;F
Jidaya;1;F
Ruama;1;F
Filippa;1;F
Snigdhita;1;F
Oleksandra;1;F
Jasnoor;1;F
Vlinder;1;F
Sahory;1;F
Cinthia;1;F
Sanae;1;F
Dionisia;1;F
Thayssa;1;F
Gernaísa;1;F
Inajé;1;F
Zayra;1;F
Nghoite;1;F
Wania;1;F
Pregua;1;F
Shahreen;1;F
Tâlyana;1;F
Sewani;1;F
Josy;1;F
Story;1;F
Solikha;1;F
Kayannie;1;F
Brígida;1;F
Yolanda;1;F
Sonima;1;F
Heliana;1;F
Suryn;1;F
Annie;1;F
Lhajin;1;F
Kaylla;1;F
Geralda;1;F
Idália;1;F
Johanna;1;F
Rubina;1;F
Kauana;1;F
Jesica;1;F
Ohanna;1;F
Priyancy;1;F
Teyana;1;F
Laissa;1;F
Sarina;1;F
Amaia;1;F
Kadiatou;1;F
Arafah;1;F
Jassirat;1;F
Ivory;1;F
Willow;1;F
Noorfatema;1;F
Adelle;1;F
Robin;1;F
Irley;1;F
Wiliane;1;F
Xinduo;1;F
Béatrice;1;F
Leofátima;1;F
Georgia;1;F
Mélyssa;1;F
Manuelly;1;F
Gloria;1;F
Lhya;1;F
Eugenia;1;F
Djalvin;1;F
Giulhia;1;F
Lakisha;1;F
Inesa;1;F
Kylie;1;F
Isnani;1;F
Amber;1;F
Mina;1;F
Hayaa;1;F
Yanni;1;F
Minodora;1;F
Vítória;1;F
Geiza;1;F
Krystal;1;F
Annick;1;F
Áminah;1;F
Irada;1;F
Marieta;1;F
Makayla;1;F
Ermelinda;1;F
Abimaela;1;F
Johaina;1;F
Adrielly;1;F
Harsirat;1;F
Shanaya;1;F
Kiami;1;F
Alyne;1;F
Tchali;1;F
Lêan;1;F
Blessing;1;F
Madeha;1;F
Suse;1;F
Silke;1;F
Brigite;1;F
Gurseerat;1;F
Gael;1;F
Rafaely;1;F
Claudia;1;F
Leticya;1;F
Shreesha;1;F
Kelsie;1;F
Carine;1;F
Adrielle;1;F
Yossane;1;F
Génises;1;F
Clarice;1;F
Carmela;1;F
Jucemara;1;F
Abeeha;1;F
Cristhieny;1;F
Zainabou;1;F
Shantelle;1;F
Eduwina;1;F
Samiya;1;F
Emiliane;1;F
Naima;1;F
Ekaterina;1;F
Biatriz;1;F
Oana;1;F
Angelini;1;F
Luiyane;1;F
Ribiya;1;F
Severina;1;F
Lovleen;1;F
Priscilla;1;F
Edyane;1;F
Anisia;1;F
Minerva;1;F
Silvie;1;F
Neria;1;F
Jeshika;1;F
Chandra;1;F
Dominica;1;F
Mirella;1;F
Nadir;1;F
Lika;1;F
Juno;1;F
Ivanka;1;F
Doralice;1;F
Radijah;1;F
Nataniela;1;F
Yori;1;F
Uriyanne;1;F
Aniella;1;F
Gracinda;1;F
Timélzia;1;F
Miryan;1;F
Catherine;1;F
Yohana;1;F
Annael;1;F
Beatrice;1;F
Ludiana;1;F
Kexin;1;F
Susete;1;F
Shuyi;1;F
Cattleya;1;F
Stuti;1;F
Lyra;1;F
Eloá;1;F
Thailine;1;F
Neliza;1;F
Dayanne;1;F
Orange;1;F
Idalete;1;F
Clementine;1;F
Binto;1;F
Adymara;1;F
Érika;1;F
Krishti;1;F
Aaryesha;1;F
Josélia;1;F
Zjoana;1;F
Iana;1;F
Shanzay;1;F
Anastassia;1;F
Imani;1;F
Neise;1;F
Ravneet;1;F
Deanna;1;F
Abeedha;1;F
Miroslava;1;F
Ieva;1;F
Enzel;1;F
Aarya;1;F
Hélcias;1;F
Nuryam;1;F
Syeda;1;F
Zoleta;1;F
Ailla;1;F
Suntu;1;F
Tinka;1;F
Aísha;1;F
Alissia;1;F
Zamy;1;F
Laurentina;1;F
Diljot;1;F
Yile;1;F
Abby;1;F
Aleena;1;F
Timeea;1;F
Augusta;1;F
Elísia;1;F
Kavina;1;F
Kianna;1;F
Cassilda;1;F
Nuria;1;F
Tayna;1;F
Sianna;1;F
Iamara;1;F
Ysabella;1;F
Tasia;1;F
Reezma;1;F
Fatoumata;1;F
Bidushi;1;F
Thiara;1;F
Geisa;1;F
Lawan;1;F
Silivondela;1;F
Fahd;1;M
Matheo;1;M
Chengman;1;M
Azizbek;1;M
Ashnoor;1;M
Victória;1;M
Ayad;1;M
Cassio;1;M
Kaiming;1;M
Gabriele,;1;M
Jadiel;1;M
Jailson;1;M
Gabrieel;1;M
Afnan;1;M
Nik-Nikita;1;M
Mamadu;1;M
Denylson;1;M
Dérrick;1;M
Danielson;1;M
Haoxuan;1;M
Ledilson;1;M
Chester;1;M
Heleno;1;M
Miriam;1;M
Kabir;1;M
Kevindeep;1;M
Gurvir;1;M
Oceano;1;M
Emir;1;M
Serigne;1;M
Sahas;1;M
Muhamed;1;M
Malakai;1;M
Douglas;1;M
Adão;1;M
Seco;1;M
Arley;1;M
Efim;1;M
Zakaria;1;M
Kiame;1;M
Onassis;1;M
Sulaimane;1;M
Ariel;1;M
Kiary;1;M
Djeyv;1;M
Zehan;1;M
Ludgero;1;M
Safwana;1;M
Cauê;1;M
Jonathas;1;M
Emilton;1;M
Waqar;1;M
Augustin;1;M
Emessi;1;M
Saadvik;1;M
Camtai;1;M
Rudi;1;M
Krishna;1;M
Hamza;1;M
Vladmir;1;M
Ramires;1;M
Gui;1;M
Danny;1;M
Celino;1;M
Mladen;1;M
Owen;1;M
Osama;1;M
Wildy;1;M
Kenderson;1;M
Rudy;1;M
Hannes;1;M
Aykel;1;M
Jocel;1;M
Yuvraj;1;M
Aimar;1;M
Aramis;1;M
Matisse;1;M
Brayane;1;M
Edivânio;1;M
Nilmar;1;M
Leyon;1;M
Jessimar;1;M
Ericson;1;M
Ning;1;M
Yue;1;M
Zafar;1;M
Zaroon;1;M
Endy;1;M
Timotei;1;M
Hamad;1;M
Aagambir;1;M
Edison;1;M
Mykhail;1;M
Castelo;1;M
Julen;1;M
Pascoal;1;M
Kawame;1;M
Saan;1;M
Odairson;1;M
Oualid;1;M
Hyrningur;1;M
Vladut;1;M
Rayson;1;M
Hargunjit;1;M
Lavesh;1;M
Micah;1;M
Diinis;1;M
Adonias;1;M
Lewie;1;M
Wade;1;M
Luaan;1;M
Todor;1;M
Wayami;1;M
Cheng;1;M
Keidan;1;M
Elbercio;1;M
Szymon;1;M
Râzvan;1;M
Matvii;1;M
Alesandro;1;M
Agatângelo;1;M
Sisley;1;M
Japnoor;1;M
Jovani;1;M
Kalebe;1;M
Damir;1;M
Sáli;1;M
Helmer;1;M
Emerson;1;M
Claudiu-Alexandru;1;M
Siraje;1;M
Eddie;1;M
Brudy;1;M
Kadirkhan;1;M
Baldvin;1;M
Michail;1;M
Denil;1;M
Wilmer;1;M
Spartaki;1;M
Andrés;1;M
Elysée;1;M
M'Hammed;1;M
Junior;1;M
Jubin;1;M
Abhinav;1;M
Dionísio;1;M
Jahongir;1;M
Mussa;1;M
Zarshed;1;M
Giomaro;1;M
Hussain;1;M
Cedrick;1;M
Ahmed;1;M
Ehinonmen;1;M
Ishaan;1;M
Joelson;1;M
Gino;1;M
Secuna;1;M
Rider;1;M
Ishmeet;1;M
Yixun;1;M
Olivier;1;M
Svyatoslav;1;M
Randeep;1;M
Elisei;1;M
Gleb;1;M
Elvis;1;M
Mayson;1;M
Demétrius;1;M
Kelvy;1;M
Artemiy;1;M
Adit;1;M
Jaylson;1;M
Danael;1;M
Lukenny;1;M
Ycaro;1;M
Nelo;1;M
Xujie;1;M
Jean;1;M
Nawabjit;1;M
Renan;1;M
Abdallah;1;M
Marius;1;M
Tayson;1;M
Yohanne;1;M
Yamato;1;M
Dumitru;1;M
Yuwei;1;M
Efraim;1;M
Iashvizaman;1;M
Kelve;1;M
Mouctar;1;M
Erikson;1;M
Papa-Ndiogou;1;M
Harjot;1;M
Lhyam;1;M
GUSTAVO;1;M
Horácio;1;M
Lenny;1;M
Billy;1;M
Prabesh;1;M
Petar;1;M
Césaro;1;M
Adelino;1;M
Diljot;1;M
Suaré;1;M
Gaurav;1;M
Ustym;1;M
Shiyu;1;M
Keison;1;M
Gurjoban;1;M
Kahil;1;M
Kiese;1;M
Yunxiang;1;M
Andrii;1;M
Yuqi;1;M
Dileison;1;M
Diógenes;1;M
Nídio;1;M
Hassan;1;M
Labib;1;M
Abdulai;1;M
Tawseef;1;M
Homar;1;M
Soraia;1;M
Lewish;1;M
Unis;1;M
Eros;1;M
Anastácio;1;M
Ndiack;1;M
Alcides;1;M
Aram;1;M
Aleksander;1;M
Vilen;1;M
Webany;1;M
Esmael;1;M
Christiaan;1;M
Vasil;1;M
Pavlo;1;M
Kleiton;1;M
Jatniel;1;M
Runi;1;M
Temofiy;1;M
Bhav;1;M
Dmitrii;1;M
Widmilson;1;M
Jingchen;1;M
Reajul;1;M
Dailson;1;M
Andrey;1;M
Dominick;1;M
Edddy;1;M
Emeka;1;M
Kydyane;1;M
Juno;1;M
Aléssio;1;M
Kamal;1;M
Olmo;1;M
Yuhao;1;M
Zenith;1;M
Rhys;1;M
Sardor;1;M
Tymofiy;1;M
Thor;1;M
Kaleb;1;M
Jael;1;M
Matísse;1;M
Richad;1;M
Tchaly;1;M
Chaquil;1;M
Dênis;1;M
Fredy;1;M
Yamin;1;M
Adney;1;M
Laelson;1;M
Finlay;1;M
Ciriel;1;M
Phelix;1;M
Abdurrahim;1;M
Jofre;1;M
Syon;1;M
Júdice;1;M
Borrico;1;M
Venceslau;1;M
Samoil;1;M
Jamim;1;M
Shyam;1;M
Eron;1;M
Semen;1;M
Sixto;1;M
Zaíne;1;M
Crispim;1;M
Bráulio;1;M
Mikita;1;M
Rosil;1;M
Otchali;1;M
Muif;1;M
Kyllen;1;M
Iego;1;M
Arius;1;M
Malik;1;M
Daylon;1;M
Javlon;1;M
Zichen;1;M
Mahib;1;M
Kyari;1;M
Anicete;1;M
Yussuf;1;M
Adaylton;1;M
Helson;1;M
Clayton;1;M
Vincent;1;M
Manu;1;M
Ismar;1;M
Arv;1;M
Shyom;1;M
Aleck;1;M
Raimondo;1;M
Izidor;1;M
Yoami;1;M
Pasang;1;M
Lairton;1;M
Thierno;1;M
Alarick;1;M
Kahel;1;M
Marygots;1;M
Densel;1;M
Trendafil;1;M
Queba;1;M
Zhion;1;M
Jó;1;M
Smaran;1;M
Anantveer;1;M
Abdulaí;1;M
Etson;1;M
Cody;1;M
Dimas;1;M
Sálvio;1;M
Usaid;1;M
Yala;1;M
Anran;1;M
Umaro;1;M
Sanoel;1;M
Caelan;1;M
Keanu;1;M
Leónidas;1;M
Uirso;1;M
Alexsandro;1;M
Víctor;1;M
Wandy;1;M
Airton;1;M
Jood;1;M
Calvin;1;M
Evel;1;M
Olávio;1;M
Felisberto;1;M
Fateh;1;M
Derik;1;M
Adryan;1;M
Jagger;1;M
Iacov;1;M
Uziel;1;M
Haziel;1;M
Román;1;M
Elson;1;M
Ledison;1;M
Vincenzo;1;M
Tércio;1;M
Elisandro;1;M
Holger;1;M
Albano;1;M
Yuanlei;1;M
Haoyu;1;M
Brayne;1;M
Vitaliy;1;M
Yzaque;1;M
Freddie;1;M
Ino;1;M
Henri;1;M
Dillon;1;M
Sonny;1;M
Izyaan;1;M
Nirvair;1;M
Samyak;1;M
Aylan;1;M
Guiller;1;M
Iverson;1;M
Idirissa;1;M
Euclides;1;M
Jaziel;1;M
Julião;1;M
Rafaello;1;M
Wagner;1;M
Izak;1;M
Witsel;1;M
Alpha;1;M
Lésio;1;M
Liano;1;M
Mélvin;1;M
Nelio;1;M
Hyadi;1;M
Logan;1;M
Illya;1;M
Arik;1;M
Gheorghe;1;M
Ayan;1;M
Leydilson;1;M
Dikafany;1;M
Kripal;1;M
Ringo;1;M
Eliedson;1;M
Diofe;1;M
Rumi;1;M
Sergiu;1;M
Jaskaran;1;M
Luviano;1;M
Safal;1;M
Dominique;1;M
Daércio;1;M
Helmar;1;M
Roque;1;M
Siddhártha;1;M
Clever;1;M
Geovane;1;M
Rubén;1;M
Radu;1;M
Henock;1;M
Ysakor;1;M
Hérmen;1;M
Rassan;1;M
Casimiro;1;M
Marin;1;M
Ederson;1;M
Kunchok;1;M
Rillescas;1;M
Cidálio;1;M
Kiami;1;M
Énio;1;M
Virgínio;1;M
Aaravpreet;1;M
Nicolás;1;M
Declan;1;M
Claudison;1;M
Kissamá;1;M
Lukás;1;M
Asiel;1;M
Boris;1;M
Hérick;1;M
Dyon;1;M
Manasseh;1;M
JOSÉ;1;M
Shawn;1;M
Bunyodbek;1;M
Achut;1;M
Meregaly;1;M
Hicham;1;M
Braiany;1;M
Saico;1;M
Fílio;1;M
Mubasshir;1;M
Junaid;1;M
Edevaldo;1;M
Yuran;1;M
Adjassi;1;M
Yasser;1;M
Swikar;1;M
Aedécio;1;M
Ahnaf;1;M
Georgino;1;M
Petro;1;M
Egon;1;M
Josefhi;1;M
Elisson;1;M
Evangelos;1;M
Ekamjit;1;M
M'ma;1;M
Secundino;1;M
Aureo;1;M
Anton;1;M
Aymar;1;M
Taylor;1;M
Cassiano;1;M
Issa;1;M
Andriel;1;M
Arshaman;1;M
Ibraima;1;M
Silvio;1;M
Harrison;1;M
Sarbesh;1;M
Soki;1;M
Abrar;1;M
Belarmino;1;M
Artem;1;M
Apollo;1;M
Sebastián;1;M
Amar;1;M
Reuel;1;M
Haamed;1;M
Adrilld;1;M
Yossef;1;M
Dayvis;1;M
Tierry;1;M
Jerykson;1;M
Kellyson;1;M
Wildson;1;M
Naksh;1;M
Érick;1;M
Kawaren;1;M
Isandro;1;M
Leonelson;1;M
Safar;1;M
Klaus;1;M
Maison;1;M
Anmol;1;M
Lincoln;1;M
Markiyan;1;M
Sury;1;M
Charles;1;M
Tarcío;1;M
Herculano;1;M
Ailton;1;M
Kélcio;1;M
Evanildo;1;M
Syde;1;M
Abijot;1;M
Ibrain;1;M
Ivanildo;1;M
Kiezi;1;M
Solano;1;M
Krishant;1;M
Spencer;1;M
Thomás;1;M
Yóhane;1;M
Dongsheng;1;M
Eloy;1;M
Jhonatann;1;M
Deep;1;M
Harsh;1;M
Mattia;1;M
Karan;1;M
Alin;1;M
Ramzanbek;1;M
Gláucio;1;M
Wami;1;M
Ildeny;1;M
Damenaue;1;M
Ousmane;1;M
Nil;1;M
Flint;1;M
Vihaan;1;M
Deimos;1;M
Cristhian;1;M
Naulan;1;M
Odin;1;M
Tino;1;M
Martino;1;M
Jivreet;1;M
Enzu;1;M
Ítalo;1;M
Lyan;1;M
Sante;1;M
Auany;1;M
Arnav;1;M
Evickson;1;M
Adarsh;1;M
Nuwairan;1;M
Ildebrando;1;M
Art;1;M
Kabigya;1;M
Christyan;1;M
Linus;1;M
Giacomo;1;M
Flynn;1;M
Sabal;1;M
Neemias;1;M
Ronalld;1;M
Yinuo;1;M
Zhi;1;M
Oscár;1;M
Kiyan;1;M
Bleyner;1;M
Zuriel;1;M
Marbin;1;M
Cássio;1;M
Ebenezer;1;M
Otiniel;1;M
Sardorjon;1;M
Micaelsun;1;M
Kihelton;1;M
Alvaro;1;M
Elián;1;M
Denys;1;M
Helmo;1;M
Mairon;1;M
Valentyn;1;M
Murodjon;1;M
Tony;1;M
Kiane;1;M
Jahmeson;1;M
Laymir;1;M
Figo;1;M
Sidney;1;M
Madison;1;M
Yuxuan;1;M
Adolfo;1;M
Nadir;1;M
Aden;1;M
Kevan;1;M
Ivane;1;M
Stevan;1;M
Mordechai;1;M
Rayyan;1;M
Uriil;1;M
Alikhan;1;M
Frederic;1;M
Heyden;1;M
kevin;1;M
Lil;1;M
Elmer;1;M
Sameep;1;M
Mohamadu;1;M
Chrisland;1;M
Leonard;1;M
Tapan;1;M
Tahiman;1;M
Nicolay;1;M
Galileu;1;M
Murtuza;1;M
Alasdair;1;M
Yogyadeep;1;M
Navraj;1;M
Jamil;1;M
Aegison;1;M
Ruidney;1;M
Sauharda;1;M
Aniel;1;M
Rynaldo;1;M
Mesaque;1;M
Sidnei;1;M
Yohanni;1;M
Dheká;1;M
Ishaq;1;M
Aníbal;1;M
Jeydan;1;M
Xénon;1;M
Bhidan;1;M
Reyansh;1;M
Abdulmuiz;1;M
Timéo;1;M
Roger;1;M
Maycon;1;M
Maahin;1;M
Venâncio;1;M
Lesane;1;M
Van;1;M
Pagbe;1;M
Lucian;1;M
Abhiyan;1;M
Kénnedy;1;M
Manassés;1;M
Ken;1;M
Iaia;1;M
Sajid;1;M
Salvio;1;M
Hristo;1;M
Afraz;1;M
Elísio;1;M
Abdelrahman;1;M
Solal;1;M
Dhevin;1;M
Oumar;1;M
Ajit;1;M
Nelvin;1;M
Zinga;1;M
Eryk;1;M
Ery;1;M
Suprajeet;1;M
Osman;1;M
Kendji;1;M
Otniel;1;M
Jon;1;M
Kylain;1;M
Fortunato;1;M
Layron;1;M
Luizinho;1;M
Demetre;1;M
Mateen;1;M
Dawud;1;M
Bacar;1;M
Armandino;1;M
Wyter;1;M
Márvin;1;M
Ronney;1;M
Dénis;1;M
Filipo;1;M
Etiandro;1;M
Eliot;1;M
Nectarie;1;M
Gibril;1;M
River;1;M
Ayame;1;M
Elvandro;1;M
Raimond;1;M
Ji;1;M
Dárcio;1;M
Rene;1;M
Rivan;1;M
Abner;1;M
Frederick;1;M
Martiano;1;M
Ramsés;1;M
Pukuan;1;M
Harnoor;1;M
Haroun;1;M
Aristides;1;M
Eliezer;1;M
Montgomery;1;M
Asstemír;1;M
Kyanpreet;1;M
Matías;1;M
Ucheechi;1;M
Almir;1;M
Melvin;1;M
Vitalie;1;M
Aseem;1;M
Jeriel;1;M
Stanislav;1;M
Harman;1;M
Braima;1;M
Volodymyr;1;M
Mykail;1;M
Vuk;1;M
Riquelme;1;M
Luisberto;1;M
Mariusz;1;M
Edjailzen;1;M
Yann;1;M
Hércules;1;M
Estelvio;1;M
Nuño;1;M
Candido;1;M
Ramiro;1;M
Saad;1;M
Nirmay;1;M
Kwenda;1;M
Oclénio;1;M
Dione;1;M
Gaspard;1;M
Kelvyn;1;M
Tareak;1;M
Jeovani;1;M
Jucilino;1;M
Defence;1;M
Aquiles;1;M
Lechen;1;M
Iwan;1;M
Ignaz;1;M
Lyam;1;M
Vinildo;1;M
Shahbaz;1;M
Dani;1;M
Lohan;1;M
Emilian;1;M
Guido;1;M
Unuryan;1;M
Eun;1;M
Alejandro;1;M
Edgilson;1;M
Abubakarr;1;M
Gursher;1;M
Luizandro;1;M
Adilson;1;M
Lenilson;1;M
Omari;1;M
Hummels;1;M
Andgelo;1;M
Mourice;1;M
Adner;1;M
Anyfá;1;M
Rain;1;M
Ayman;1;M
Arif;1;M
Adwait;1;M
Kiluanji;1;M
Juelson;1;M
Ronilson;1;M
Caleb;1;M
Mattheo;1;M
Niones;1;M
Omid;1;M
Silas;1;M
Matvei;1;M
Yosefe;1;M
Yuliyan;1;M
Jiale;1;M
Allyson;1;M
Hericky;1;M
Omer;1;M
Zawadi;1;M
Lonnell;1;M
Liberato;1;M
Egídio;1;M
Sales;1;M
Gilcélio;1;M
Lapo;1;M
Anhsirk;1;M
Feliciano;1;M
Jaume;1;M
Gurpal;1;M
Arshman;1;M
Abilash;1;M
Bradley;1;M
Dimitar;1;M
Joliam;1;M
Kellvin;1;M
Rômulo;1;M
Anass;1;M
Abhyudaya;1;M
Sven;1;M
Yanick;1;M
Adenilson;1;M
Zexuan;1;M
Ilii;1;M
Ali;1;M
Énsol;1;M
Helione;1;M
Hector;1;M
Shaahan;1;M
Áleph;1;M
Benjamín;1;M
Ernesto;1;M
Alison;1;M
Olavo;1;M
Aakarshan;1;M
Cairon;1;M
Erilton;1;M
Akemi;1;M
Devlin;1;M
Ismail;1;M
Djeison;1;M
Aviraj;1;M
Leon;1;M
Dawani;1;M
Pepe;1;M
Brandon;1;M
Cleber;1;M
Nuelson;1;M
Kristopher;1;M
Sarbin;1;M
Louan;1;M
Laurent;1;M
Justo;1;M
Ilie-Matei;1;M
Hidanir;1;M
Lazar;1;M
Danil;1;M
Kareem;1;M
Sarmaan;1;M
Romero;1;M
Nezzar;1;M
Dilraj;1;M
Adyan;1;M
Sam;1;M
Qi;1;M
Papís;1;M
Vando;1;M
Aleyson;1;M
Alexson;1;M
Aylton;1;M
Kelvim;1;M
Viktor;1;M
Rajanbir;1;M
Chen;1;M
Alírio;1;M
Iyad;1;M
Mago;1;M
Elhadji;1;M
Maxuwell;1;M
Zakariya;1;M
Djaad;1;M
Luigi;1;M
Gabrieli;1;M
Tejasvir;1;M
Baburkhan;1;M
Dhavid;1;M
Yudi;1;M
Arseniy;1;M
Idrissa;1;M
Gurman;1;M
Andrew;1;M
Hélduiny;1;M
Aldo;1;M
Sami;1;M
Jandem;1;M
Wayamy;1;M
Lyann;1;M
Ronaldo;1;M
Vânio;1;M
Deivit;1;M
Amadu;1;M
Baltazar;1;M
Saamik;1;M
Django;1;M
Kaiser;1;M
Dieggo;1;M
Erikssander;1;M
Amâncio;1;M
Adame;1;M
Andres;1;M
Davyd;1;M
Mouhamadou;1;M
Guillermo;1;M
Licínio;1;M
Állan;1;M
Dinael;1;M
Teodoro;1;M
Zakhar;1;M
Delme;1;M
Gurnoor;1;M
Brayn;1;M
Kiven;1;M
Artiom;1;M
Aboubacar;1;M
Shuo;1;M
Álison;1;M
Aayan;1;M
Rivaldo;1;M
Yuming;1;M
Keicy;1;M
Yanis;1;M
Constantino;1;M
Leví;1;M
Vladymyr;1;M
Philipp;1;M
Dyllan;1;M
Rares;1;M
Edifanio;1;M
Tarciso;1;M
Sahib;1;M
Aaryan;1;M
Manteg;1;M
Ersílio;1;M
Qian;1;M
Dereck;1;M
Alexei;1;M
Iuri;1;M
Goundo;1;M
Joás;1;M
Aloísio;1;M
Adryel;1;M
Ekamjot;1;M
Erwan;1;M
Mezut;1;M
Dien;1;M
Renildo;1;M
Custódio;1;M
Muaz;1;M
Kayson;1;M
Henrico;1;M
Nehan;1;M
Sameed;1;M
Siméon;1;M
Josemar;1;M
Adenay;1;M
Stephan;1;M
Andy;1;M
Ventsislav;1;M
Kasyab;1;M
Ángel;1;M
Vitalino;1;M
Neevan;1;M
Yuvan;1;M
Yoris;1;M
Russel;1;M
Rai;1;M
Arun;1;M
Anas;1;M
Swayam;1;M
Ezekiel;1;M
Bóris;1;M
Samip;1;M
Aliyan;1;M
Shiqi;1;M
Dilson;1;M
Dércio;1;M
Roshan;1;M
Aloïs;1;M
Ghaith;1;M
Kenylson;1;M
Duane;1;M
Emile;1;M
Rhuan;1;M
Lielson;1;M
Itiel;1;M
Mikhail;1;M
Iderson;1;M
Shabbir;1;M
Alfredinho;1;M
Landon;1;M
Abiral;1;M
Klismman;1;M
Wayiza;1;M
Job;1;M
Nirbhay;1;M
Ugam;1;M
Brenthon;1;M
Dirceu;1;M
Angel;1;M
Ekampreet;1;M
Welnir;1;M
Edvaldo;1;M
Nikolay;1;M
Heitan;1;M
Tommy;1;M
Davron;1;M
Murilo;1;M
Mykhael;1;M
Macar;1;M
Allen;1;M
Shivansh;1;M
Aladje;1;M
Atharva;1;M
Eirik;1;M
Cosme;1;M
Eudes;1;M
Bubacar;1;M
Karlo;1;M
Darian;1;M
Ely;1;M
Jigme;1;M
Roméo;1;M
Lex;1;M
Wim;1;M
Ishak;1;M
Sidaqpreet;1;M
Nildo;1;M
Bryant;1;M
Freddy;1;M
Nedilson;1;M
Bihaan;1;M
Kayo;1;M
Kiril;1;M
Vitas;1;M
Natan;1;M
Dierson;1;M
Dadjoandin;1;M
Mutaro;1;M
Neville;1;M
Ibraimovic;1;M
Quesana;1;M
Zeferino;1;M
Cesário;1;M
Parlin;1;M
Ariyo;1;M
Romario;1;M
Jude;1;M
Didier;1;M
Lobo;1;M
Edner;1;M
Timeo;1;M
Armínio;1;M
Zi;1;M
Jingxuan;1;M
Bruce;1;M
Bernard;1;M
Zacky;1;M
Carlo;1;M
Rodrigues;1;M
Christiano;1;M
Jenish;1;M
Kinan;1;M
Rafaelo;1;M
Celsio;1;M
Durval;1;M
Zoé;1;M
Arjun;1;M
Heden;1;M
Ruthnney;1;M
Kienyelson;1;M
Jeyson;1;M
Taráz;1;M
Nerik;1;M
Yusuf;1;M
Rostislav;1;M
Boqian;1;M
Towfiq;1;M
Kléber;1;M
Iulian-Gabriel;1;M
Diyorbek;1;M
Jairson;1;M
Edmilson;1;M
Fabio;1;M
Melvyn;1;M
Khélio;1;M
Naeem;1;M
Djeviny;1;M
Seth;1;M
Alvarino;1;M
Emanoil;1;M
Temitayo;1;M
Tome;1;M
Thierry;1;M
Madjer;1;M
Kledilson;1;M
Saymon;1;M
Erasmo;1;M
Rafa;1;M
Vílmar;1;M
Anilton;1;M
Wendell;1;M
Reneckson;1;M
Kamoliddin;1;M
Paul;1;M
Acácio;1;M
Noel;1;M
Jamilson;1;M
Muhammed;1;M
Zekai;1;M
Ygor;1;M
Jacó;1;M
Prakrit;1;M
Kleber;1;M
Sajeet;1;M
Prudêncio;1;M
Enan;1;M
Ziqian;1;M
Andrs;1;M
Ayon;1;M
Leidson;1;M
Zyad;1;M
Nérsys;1;M
Stevany;1;M
Platini;1;M
Minhal;1;M
Manish;1;M
Ilias;1;M
Alage;1;M
Isak;1;M
Wassim;1;M
Octávio;1;M
Sky;1;M
Dhir;1;M
Aryckson;1;M
Hortêncio;1;M
Aayam;1;M
Hatim;1;M
Yanko;1;M
Gurwinder;1;M
Samyam;1;M
Akin;1;M
Keiyan;1;M
Endrickson;1;M
Ralph;1;M
Petelson;1;M
Petru;1;M
Rohan;1;M
Bibek;1;M
Amadeo;1;M
Bryanne;1;M
Rudson;1;M
Epandi;1;M
Maximiliano;1;M
Márcel;1;M
Lassana;1;M
Junlei;1;M
Chenyu;1;M
Siddhartha;1;M
Salatiel;1;M
Kion;1;M
Madani;1;M
Chuyi;1;M
Nichita;1;M
Hildebrando;1;M
Dragos;1;M
Gentil;1;M
Élcio;1;M
Yousef;1;M
Giorge;1;M
Jheidane;1;M
Sudev;1;M
Laurentino;1;M
Ayushman;1;M
Davidson;1;M
Manjot;1;M
Marthyn;1;M
Weslley;1;M
Ciwan;1;M
Gurshaan;1;M
Salviano;1;M
Leando;1;M
Oriel;1;M
Zyan;1;M
Neyton;1;M
Malek;1;M
Eliano;1;M
Mykyta;1;M
Levy;1;M
Jeremy;1;M
Kaique;1;M
Kevin-Cosmin;1;M
Mamadú;1;M
Ricky;1;M
Lourenzo;1;M
Ciro;1;M
Jordano;1;M
Hiroshi;1;M
Rody;1;M
Jazz;1;M
Agamjot;1;M
Isaí;1;M
Aboubakar;1;M
Kerson;1;M
Alfa;1;M
Shao;1;M
Jelany;1;M
Solomon;1;M
Bipsan;1;M
YU;1;M
Yashkumar;1;M
Menhaz;1;M
Yvan;1;M
Jemy;1;M
Kailon;1;M
Kymani;1;M
Djeisen;1;M
Assimiou;1;M
Aiden;1;M
Daniele;1;M
Meryk;1;M
Tommaso;1;M
Braian;1;M
Jordi;1;M
Adoniel;1;M
Kiiari;1;M
Cheihouba;1;M
Jelson;1;M
Hermès;1;M
Andrea;1;M
Mathieu;1;M
Hilliam;1;M
Gustaf;1;M
Lael;1;M
Songxian;1;M
Dinys;1;M
Tárcio;1;M
Elizandro;1;M
Kelby;1;M
Amiel;1;M
Anilker;1;M
Djudd;1;M
Axkan;1;M
Andre;1;M
Martins;1;M
Yousuf;1;M
Wilmar;1;M
Daniyal;1;M
Isidro;1;M
Josimar;1;M
Djamal;1;M
Romérick;1;M
Eliasafe;1;M
Olímpio;1;M
Jovanny;1;M
Brandão;1;M
Litana;1;M
Zayan;1;M
Alexsander;1;M
Vinícius;1;M
Leodvaldo;1;M
Lancelot;1;M
John;1;M
Usman;1;M
Ahren;1;M
Niansh;1;M
Sabino;1;M
Jayssan;1;M
Ìvan;1;M
Aidan;1;M
Sahibdeep;1;M
Papa;1;M
Josiel;1;M
Jackson;1;M
Sardar;1;M
Sogyal;1;M
Kay;1;M
Abilio;1;M
Agam;1;M
Luai;1;M
Jovânio;1;M